date,covered_holdings,requested_holdings,mom_12_1,mom_6_1,rev_1m,beta_spy_252,vol_63,liq_dollarvol_21
2025-01-02,4,4,0.18340761153824894,0.16113010526606986,-0.08066989145836448,0.2743548202165141,-0.3044384076868305,0.4684497177629905
2025-01-03,4,4,0.1716405603646675,0.13187560664927564,-0.1049847367268348,0.27068506524778946,-0.2915812221393356,0.4734892979455528
2025-01-06,4,4,0.1760432868965403,0.145080529997816,-0.011973644869356058,0.2686193390372808,-0.2969565204059752,0.4770355544597061
2025-01-07,4,4,0.17823259826082494,0.314490364761091,0.19511520267622653,0.26810290664779596,-0.2616407430132048,0.4776099930426484
2025-01-08,4,4,0.1704582424818714,0.19845548878072886,0.1567792598806105,0.26500813928846767,-0.2790751271929511,0.49186794382685023
2025-01-10,4,4,0.18943789800072677,0.2999553461799551,0.3234456954082614,0.2737351712288533,-0.25556394452014974,0.4960958902044371
2025-01-13,4,4,0.15832612305283955,0.05592760789889653,0.4278178669461895,0.27412740934920005,-0.2754257351248619,0.505395831495123
2025-01-14,4,4,0.1449589077809622,-0.08906186973474434,0.33755993565176784,0.27416993422045083,-0.29518052911368653,0.5252719929643437
2025-01-15,4,4,0.15202113599483497,-0.13316871209525127,0.46638699198188255,0.2723434417536016,-0.30499775788693473,0.5374452534473312
2025-01-16,4,4,0.15137992260798963,-0.12531382063972668,0.378135589957289,0.273998531765698,-0.2534358698091775,0.5474750125119536
2025-01-17,4,4,0.14504753147752017,-0.17562928681731724,0.29055806602476547,0.27418266017819554,-0.2491437935049377,0.558342745702393
2025-01-21,4,4,0.16023952513005393,-0.14524891679998744,0.4415507228610825,0.26349978685049474,-0.22847938745442337,0.5769491350225622
2025-01-22,4,4,0.187079869712845,-0.04634668353462568,0.21940881153547515,0.26297024843073485,-0.18714090608700604,0.5850408819312212
2025-01-23,4,4,0.2041300846923932,0.07744144042180648,0.3621877912167321,0.26167581195719325,-0.21366135652745571,0.5902298460925602
2025-01-24,4,4,0.22871449510257957,0.2172411307588631,0.5470957406621234,0.2638897480342923,-0.21649696549452596,0.5774635761127191
2025-01-27,4,4,0.22503876608385956,0.1603836265866918,0.571218422118074,0.26597992511111657,-0.024154709987801403,0.5663428557898706
2025-01-28,4,4,0.22980136250395572,0.18370737509319368,0.5252870338969018,0.2728135374652718,0.032822648113732505,0.5609883897837562
2025-01-29,4,4,0.23608805452340761,0.2709507724109685,0.556726180249345,0.27245334437492397,0.037774686726788395,0.5587161159509556
2025-01-30,4,4,0.2273972447127422,0.22782704998255893,0.7217793022045706,0.26742317754896816,0.08611939024575693,0.5613711495428582
2025-01-31,4,4,0.22016734663583365,0.10421717417228234,0.6840543478157846,0.2694202852788788,0.08644389498890376,0.5646711659264377
2025-02-03,4,4,0.2096632430845398,0.07526741601241668,0.7091423230301412,0.2820282827728865,0.10696183576192195,0.5611641483162609
2025-02-04,4,4,0.20703179547874428,-0.10733858668360305,0.709589462759822,0.27973763263281415,0.06247040870869537,0.5530016186237164
2025-02-05,4,4,0.21079429427033347,-0.03274574060210861,0.5532969257873902,0.30875408183065667,0.04810311845244361,0.5343712380608288
2025-02-06,4,4,0.1915648950315599,-0.16253424721702325,0.4100938524373739,0.31153863801991855,0.06429008388710218,0.5245179100711214
2025-02-07,4,4,0.18679932382802975,-0.2804072580261153,0.38023154721717545,0.31044629035669435,0.05878306857483041,0.5107724505295419
2025-02-10,4,4,0.1841814616733887,-0.27027247284370004,0.5012859204428812,0.3093382784109373,-0.004462955470252994,0.5098911458957446
2025-02-11,4,4,0.16481818295963271,-0.290113150046011,0.3629051334778125,0.3092091489842234,-0.012818820028892147,0.5130996114081947
2025-02-12,4,4,0.15409505491259293,-0.3974260477594521,0.13480460758681617,0.3063240434037405,-0.01652585805462234,0.5104955393705325
2025-02-13,4,4,0.1646832129977594,-0.4183025489082362,0.11702100721579534,0.307262107211434,-0.011130126105907495,0.5101723542989816
2025-02-14,4,4,0.16013499116914304,-0.32844667082686024,0.054642475838943355,0.30750409382876764,-0.010497657814834555,0.5012869263611464
2025-02-18,4,4,0.13595352353046986,-0.2055481711559289,-0.07944796394571711,0.3112197162168596,-0.02443406797477038,0.4834934159075881
2025-02-19,4,4,0.1459786332706114,-0.15169381348205624,-0.06783525621010633,0.31212166989269763,-0.02507639353513494,0.475090002959917
2025-02-20,4,4,0.10252124376093717,-0.2045105466675614,-0.25715479302739047,0.31215616929568835,-0.0008716020696565019,0.47070261439656935
2025-02-21,4,4,0.11657761020623542,-0.1492615779296118,-0.17312946301431215,0.2988627555249209,-0.03198994618314194,0.4596103721699526
2025-02-24,4,4,0.10029682284881886,-0.18262431528834586,-0.23356036631112206,0.29736400926979817,-0.03666041335296252,0.4553467592488277
2025-02-25,4,4,0.08114016811344626,-0.18350349887260495,-0.29023219699199215,0.29981340632441167,-0.025622580331417233,0.45020630952113094
2025-02-26,4,4,-0.008601961191412905,-0.2748599425768524,-0.4694955912527401,0.29989051551812884,0.0031696226695104857,0.4451402310126844
2025-02-27,4,4,0.06753843211637814,-0.1653195070380672,-0.19183135927747744,0.29969820381304396,0.009746599886628932,0.4405924918907572
2025-02-28,4,4,0.0757013154942573,-0.18681294954171274,-0.32577784231399554,0.30169045128087524,0.02253638301268779,0.43861460859640167
2025-03-03,4,4,0.012397019649959873,-0.23542940409467578,-0.5813123519510409,0.298418715241683,0.029150077173011102,0.42902447321139625
2025-03-04,4,4,-0.025820638250775782,-0.2878694365974244,-0.5791476413981197,0.304988645245984,0.03354393057138763,0.418179806722849
2025-03-05,4,4,-0.10381759791958636,-0.29020317940296103,-0.8090468831538145,0.30786396301100005,0.03634744562873854,0.41585475105076997
2025-03-06,4,4,-0.1268888072021443,-0.29742604529226224,-0.752162923045531,0.30477573082818415,0.017480005587916403,0.42130560425562885
2025-03-07,4,4,0.09876030459805873,-0.1656137744257662,-0.5148911448068408,0.30018862211004715,0.02716453393809959,0.4403553445654911
2025-03-10,4,4,0.08064634851692465,-0.13839641381239615,-0.127561150722177,0.3162063724945321,0.057583617284189176,0.4562220220348602
2025-03-11,4,4,0.08859212465193245,-0.09729529068143161,-0.07056118448965834,0.32714950314325336,0.07267994621157403,0.478163234621682
2025-03-12,4,4,0.07951019915289698,-0.1362130645088977,-0.13507908438290842,0.3249545313211037,0.1014802718447769,0.4854230284675789
2025-03-13,4,4,0.11585476116861748,-0.116653327026606,-0.06961812097166387,0.32329099175534826,0.09403991693457617,0.48681404315177945
2025-03-14,4,4,0.1296226595633538,-0.10489792344626941,0.019780722701712078,0.32496108068483714,0.11953689080689442,0.4903561224377314
2025-03-17,4,4,0.15525285597580332,-0.12268205444368138,0.09668167423684955,0.32530931308495215,0.15383358306079006,0.4828053006454024
2025-03-18,4,4,0.16965410772917022,-0.12179518436366482,0.1414775296500178,0.3209787996986815,0.1514352282933512,0.4790027076276586
2025-03-19,4,4,0.22545588700307878,-0.0540802519330395,0.24065871101377936,0.3237218113015334,0.15450423593991272,0.48517086894284256
2025-03-20,4,4,0.2539733660661224,-0.08192837420251503,0.29190677458058256,0.3267250058815669,0.1765337070477216,0.48024837557555144
2025-03-21,4,4,0.25571332235703337,-0.08622595693686921,0.31683773772213797,0.3252597061588008,0.18372457237672235,0.48070846669403244
2025-03-24,4,4,0.2901331050533479,-0.039059729973827284,0.4856616185377436,0.316728399133699,0.17477121378059146,0.4846925095840018
2025-03-25,4,4,0.3149535593588998,-0.02619174706435129,0.5555641735526847,0.3176592644567561,0.17778773981491358,0.4817090156816264
2025-03-26,4,4,0.3112961627716663,-0.019421335319554922,0.49692304689573047,0.31417128216223833,0.1684162077911322,0.4889754144773528
2025-03-27,4,4,0.2910878680554936,-0.060838842528194464,0.39040891281692,0.31207862974827305,0.1735193264748346,0.4937201697442168
2025-03-28,4,4,0.26308164127283584,-0.08044668220317186,0.3206990632288285,0.30725135951672383,0.15982206354421472,0.49325842174662304
2025-03-31,4,4,0.2745630462535945,-0.10164298369987035,0.32943608680527836,0.30606011987434323,0.16461052984939614,0.4940406901619656
2025-04-01,4,4,0.25041555485416844,-0.11597285065295368,0.31988390857049614,0.3057705680456501,0.16305170890904716,0.49378509299313933
2025-04-02,4,4,0.24145541357741354,-0.13794256303109853,0.2838210612285446,0.30464018543437016,0.1593334392822898,0.49343929208894155
2025-04-03,4,4,0.2586292376265858,-0.10782085111455536,0.30026835008581004,0.3106109078841778,0.16736480047164978,0.4899557506881328
2025-04-04,4,4,0.21242485614759132,-0.05396243617551272,0.37118580474624585,0.3381910163003352,0.1972443583332481,0.49101174331793995
2025-04-07,4,4,0.24489042605496608,-0.051703419133019984,0.43938565449319333,0.34051477634013,0.20180094805182214,0.4937771373931799
2025-04-08,4,4,0.15654736886443982,-0.16410657600725131,0.3481849587434038,0.34919250747117536,0.21244117121317657,0.4891587659789921
2025-04-09,4,4,0.1500478499171641,-0.2266032872320723,0.18327565701690135,0.38376774335855607,0.3111428681086075,0.4852475417109944
2025-04-10,4,4,0.15223515662167142,-0.2572434308481525,0.13801079617095013,0.3685921066378514,0.28575111170200046,0.48397439636851397
2025-04-11,4,4,0.1476149399949833,-0.24622502304693297,0.08468891551434629,0.37283550563234225,0.29359262789431495,0.48714964710455855
2025-04-14,4,4,0.1295629618508355,-0.3165348834134464,0.03814065651525672,0.37415412434837547,0.2981517971804303,0.49044751842935475
2025-04-15,4,4,0.16074667885755,-0.3040347255946779,-0.052487002834857396,0.3727670775455543,0.296893833394125,0.4927750583744881
2025-04-16,4,4,0.20247531341303882,-0.2561959792429873,0.1199500232660593,0.3786596328899546,0.3117173616502461,0.4965123511650624
2025-04-17,4,4,0.19495399980844397,-0.16675855232514092,-0.4500348149325574,0.3787754451711047,0.13191709859558445,0.48866216523025874
2025-04-21,4,4,0.22708848935022066,-0.19611416828785394,-0.47059285750740504,0.37232961937191705,0.11920255778019323,0.49017124665831147
2025-04-22,4,4,0.21097382859348832,-0.14239975180311792,-0.4315497737348658,0.3708317758308338,0.1185888880837977,0.4817081872630443
2025-04-23,4,4,0.16196517986968023,-0.2288585008158035,-0.537546638652076,0.37160667207700604,0.09742480082203345,0.4814946070571692
2025-04-24,4,4,0.1915938679756962,-0.18549049405356927,-0.6426441067767628,0.37225218750032585,0.1059713810089919,0.4807680200480694
2025-04-25,4,4,0.17899629194940603,-0.1750311889534919,-0.6594834328007844,0.3715570704323439,0.10664915634340885,0.4724224311234856
2025-04-28,4,4,0.2417057021071659,-0.16151270390210615,-0.6082532629043366,0.37179966039736584,0.06722406885414123,0.469107849500077
2025-04-29,4,4,0.27390004723819883,-0.18115584384252947,-0.5256339791685966,0.3757406689034295,0.038849704385779504,0.46766791363978866
2025-04-30,4,4,0.2619607852308116,-0.19274538284859477,-0.5812128576967687,0.3808233151726903,0.030249268952917435,0.4671638898202475
2025-05-01,4,4,0.2784145265550171,-0.15125639634540416,-0.5956965865762325,0.3816656543365402,0.04429585687936055,0.47282189873943137
2025-05-02,4,4,0.3148138759133043,-0.16706081530239647,-0.4932807648074758,0.37462630230009486,0.05549740764120403,0.47495844872762305
2025-05-05,4,4,0.21437366918945494,-0.07400076034751024,-0.44955514972304866,0.37457450733702347,0.04690347698497793,0.47919183841542146
2025-05-06,4,4,0.15743743347114325,-0.19021866133169296,-0.5159229490977572,0.37506422540213114,0.051093422768283825,0.4780202537709814
2025-05-07,4,4,0.08917027660041629,-0.2321627663158447,-0.6296376576640172,0.36942650110860553,0.04589944915929556,0.4634918372740564
2025-05-08,4,4,0.0003264119754309014,-0.28337147595882245,-0.6136023030191817,0.37154591820906674,0.04051809202342532,0.46015152509214574
2025-05-09,4,4,0.17320475365722718,-0.1735617613509028,-0.5636780252215318,0.37149829071223994,0.044321509858817054,0.4509771972158194
2025-05-12,4,4,0.16070072066988034,-0.23052191023069463,-0.43788304332489114,0.3597409849595931,0.02404743438670262,0.43370348919691143
2025-05-13,4,4,0.22322941399798427,-0.19653822477889593,-0.3828760035074569,0.3611926100231385,-0.06623477388828247,0.3983826950872733
2025-05-14,4,4,0.19872529463781333,-0.09130421663468158,-0.35260287061142825,0.36109921784954196,-0.06535126159311186,0.37520653627709966
2025-05-15,4,4,0.2436029812088998,-0.031564791539829995,-0.35795183457454194,0.3635071031057431,-0.09576920262900207,0.3390788763495574
2025-05-16,4,4,0.1952432458340799,-0.21259612489997615,-0.40192498766128454,0.3624811554926243,-0.11043834869443311,0.3204706154134226
2025-05-19,4,4,0.5384971352337675,-0.035040433226839585,-0.39379671551484546,0.36131934277612054,-0.11985802480017829,0.32131607017009406
2025-05-20,4,4,0.5901948527652178,0.02657403280693238,-0.3896742982811203,0.36120327294589266,-0.12106430302921906,0.315777106464742
2025-05-21,4,4,0.636421455833341,-0.005453907263061664,-0.3481534602071475,0.3664449021662448,-0.12889401979522022,0.30329005027199246
2025-05-22,4,4,0.6215503210875732,-0.009417515098556484,-0.3513546984044443,0.36641011986243127,-0.12340978571040326,0.2914637339259995
2025-05-23,4,4,0.6418629524363579,0.003132721883938927,-0.32749690267340986,0.3667532962819379,-0.12116888720980667,0.296103714706729
2025-05-27,4,4,0.6344225489838211,-0.002971706990130385,-0.35840358001371675,0.3680653029562218,-0.11778930738857687,0.3034823361991343
2025-05-28,4,4,0.6084618472491186,-0.024068445625900436,-0.35484875633071433,0.36822495190994176,-0.12167770127956914,0.3054582437615746
2025-05-29,4,4,0.5161677857761208,0.018493920566099997,-0.3402085320693915,0.36734070607833125,-0.13491814719948172,0.3080275453568367
2025-05-30,4,4,0.5848942791438088,0.11287865163769112,-0.2804694868715756,0.3672935503061704,-0.13727336435306264,0.3110984303086292
2025-06-02,4,4,0.5640318294968063,0.18813404068790734,-0.21620575379933413,0.3676520752080618,-0.15632967963577069,0.29603358503447474
2025-06-03,4,4,0.5187555911831414,0.16089010708590493,-0.3411274298420312,0.3693418826234156,-0.15696802337156499,0.289553331296447
2025-06-04,4,4,0.5293584302349688,0.20152938842804047,-0.3055775157655515,0.36898870839093284,-0.16141076329026963,0.2828458605428364
2025-06-05,4,4,0.5430410569423367,0.28088165631419026,-0.2880079676292412,0.3690803625251472,-0.1570773837478927,0.2810676552302324
2025-06-06,4,4,0.47155088811146084,0.3477362644744383,-0.19206009558896486,0.36601804976727903,-0.1706815853737915,0.2833567111574038
2025-06-09,4,4,0.5052299295715034,0.3377823414497996,-0.15930904966930284,0.3675736939638424,-0.18687313345872691,0.28820962975908887
2025-06-10,4,4,0.5414401268608837,0.35520219993232605,-0.1025324018642893,0.36646599627417986,-0.19080386877653613,0.2864812834608042
2025-06-11,4,4,0.4925573157332883,0.3081962232585376,-0.10557523671045357,0.3670915667362799,-0.20424151046175387,0.29140664896808566
2025-06-12,4,4,0.4826133260739798,0.35954640929429504,0.18879796538592655,0.3684187807459831,-0.20063120223200984,0.30803543312800086
2025-06-13,4,4,0.47426231884822834,0.36818624479773543,0.47765976694859047,0.36912245760127704,-0.20512357472888879,0.3143450379531917
2025-06-16,4,4,0.47656701577098837,0.4190888508843941,0.7140296524972323,0.3655326635898216,-0.20369064998002911,0.3397646809239781
2025-06-17,4,4,0.47699896566595157,0.4140842592817586,0.7178719065446909,0.365854157783893,-0.20173531523532792,0.3541336955345931
2025-06-18,4,4,0.4684034628899464,0.41725007167562783,0.35002214076063176,0.3656228396496315,-0.20203837583948586,0.3629654650642733
2025-06-20,4,4,0.4599442329318757,0.3852488330621312,0.1183431680362374,0.3618406841292448,-0.20812935856559772,0.37461416394984515
2025-06-23,4,4,0.43819440655596636,0.3033600124936766,-0.1396288299591844,0.3640786602572099,-0.21494349254626494,0.39240432583096335
2025-06-24,4,4,0.413002962022888,0.29888561641508804,-0.10398449842444414,0.3611314478697652,-0.21683272762395578,0.40741017791726486
2025-06-25,4,4,0.3730556517644702,0.2790295896244377,-0.32263028893506324,0.360855815250044,-0.2140039206231077,0.40351137573425516
2025-06-26,4,4,0.381513120586894,0.3044592266547347,-0.10099594676653606,0.3586080000834355,-0.2226834120949606,0.40425353995628704
2025-06-27,4,4,0.3627105875429642,0.2556142544875486,0.0622557346530933,0.357175339051881,-0.2306416743942178,0.3950954784477064
2025-06-30,4,4,0.3601966381932284,0.23551433376643016,-0.08586887678570734,0.3589346593412862,-0.22042631576160743,0.40553703199913715
2025-07-01,4,4,0.35052878493668715,0.26121148215791434,0.014136980025368145,0.3591219758401422,-0.2240508070966106,0.40526704751928627
2025-07-02,4,4,0.3048940105554945,0.2446014664505671,-0.3816969363373432,0.3607142104458334,-0.22672345175746084,0.4197711683699376
2025-07-03,4,4,0.3461314200115108,0.28883118581394895,-0.2188983833763664,0.36062420699226394,-0.2252484191311075,0.42623107885115336
2025-07-07,4,4,0.30539411348653367,0.250364043617032,-0.29593424823196396,0.3610048206361104,-0.22937026926898552,0.43197119205346923
2025-07-08,4,4,0.3041332338284467,0.26886659239784294,-0.16583309288229559,0.36047621756489245,-0.2589464246349705,0.4381354505539192
2025-07-09,4,4,0.2660809914848682,0.25383088765667783,-0.40277484182679746,0.3617845180887839,-0.26884318734173696,0.4441730841573584
2025-07-10,4,4,0.25546088577980197,0.21512988213062786,-0.5249783028939913,0.3618989369719486,-0.27693540110334386,0.4441889012558069
2025-07-11,4,4,0.2624670602475952,0.16085886123191723,-0.57695755941115,0.36249899815854203,-0.45939672975981705,0.44504337210200184
2025-07-14,4,4,0.2272871538592199,0.1870222183373923,-0.6040074153624456,0.36124861872291375,-0.42704573885468855,0.44459870263318035
2025-07-15,4,4,0.28926577209760307,0.19573344825423766,-0.5512022969967554,0.3607088647296337,-0.43343632744276356,0.44318787337965737
2025-07-16,4,4,0.21146154846310466,0.22425227932726394,-0.641630688606323,0.3599491475152887,-0.4354948038454335,0.443452466223506
2025-07-17,4,4,0.14885401572396462,0.24300434930516032,-0.7071664946739298,0.3605409638648417,-0.42997121081615575,0.44833901800911746
2025-07-18,4,4,0.08358156013965334,0.20254009321763256,-0.7143511484270242,0.36053762025588987,-0.4784939355337329,0.45292243943015664
2025-07-21,4,4,0.12022844953545403,0.23622755132510345,-0.5572905410259078,0.36288823345021964,-0.5238100001341139,0.4503755346458149
2025-07-22,4,4,0.13957333123278517,0.2842419173330377,-0.36971130868697794,0.36006055325086894,-0.528301752863738,0.4458065756703461
2025-07-23,4,4,0.14161921860249554,0.2869415311068494,-0.2595477880991989,0.35950883229263214,-0.5226020701181412,0.44226511046374867
2025-07-24,4,4,0.19765975709278796,0.28677007553501377,-0.28737055811051415,0.3599470039013284,-0.5143103548161722,0.4263925704891899
2025-07-25,4,4,0.2427976050918075,0.2951352306664258,-0.27097605431338134,0.3602781020348207,-0.5215646322397844,0.4252722143646812
2025-07-28,4,4,0.2437140812773346,0.22636234875572933,-0.3540190745510787,0.3626411652141592,-0.525108487494627,0.42036214432285146
2025-07-29,4,4,0.20823673711212154,0.20932504137623043,-0.44594152071715754,0.3619872320404678,-0.528356632546595,0.4216805043897939
2025-07-30,4,4,0.2507968998835024,0.25021832628217133,-0.3158000910172101,0.36234876033281327,-0.5273257408433185,0.4075290549116628
2025-07-31,4,4,0.2783523822862092,0.2324016268573501,-0.2914222627451432,0.36383454617177213,-0.5548330542246217,0.39646779421270717
2025-08-01,4,4,0.2939266846385171,0.28729008135594003,-0.32371929262546234,0.355372220974446,-0.6493131479579817,0.385200892074683
2025-08-04,4,4,0.26010537518916255,0.29428205158607434,-0.3224153127062884,0.36289681834204723,-0.6705725416028264,0.38148641299916813
2025-08-05,4,4,0.2511711379021914,0.2997429164102132,-0.2986515846897792,0.3571676264053205,-0.6630032037256296,0.37370255858819174
2025-08-06,4,4,0.2122161511712636,0.3281957333881231,-0.3537167506491739,0.3664509242953484,-0.6406036667395145,0.38329112882543065
2025-08-07,4,4,0.25352748002576486,0.32700868421418555,-0.42127241906672436,0.3636348086995495,-0.5886107216179653,0.39102597313798687
2025-08-08,4,4,0.22856567618822674,0.3653198629763934,-0.42667397964692166,0.36547160164802217,-0.5705085723347076,0.401218450755908
2025-08-11,4,4,0.2141798838838011,0.3758057530861304,-0.46736033380889974,0.36562267250614156,-0.5674847150602842,0.41097795997887177
2025-08-12,4,4,0.18545993931366855,0.33313873061670063,-0.48698889301379544,0.3699855925562417,-0.5554974019514496,0.41334849917907746
2025-08-13,4,4,0.23293198068723678,0.4085544132096244,-0.3929080545660301,0.3694113588773875,-0.6150497848921932,0.41629537029271574
2025-08-14,4,4,0.2219381401874564,0.44510840868785184,-0.3089550638319343,0.3696060378032817,-0.6172022093256532,0.41125990060254963
2025-08-15,4,4,0.2251160859028953,0.44641549120164764,0.08612635997658974,0.3705553629536849,-0.5982725032937253,0.39420409728919237
2025-08-18,4,4,0.23303777399262562,0.46893341934236,0.2042967384759804,0.3698225635046969,-0.6066870129785571,0.38275014329222407
2025-08-19,4,4,0.19876855875015573,0.4668873850343559,0.08228293713631979,0.3726252266072834,-0.6124709309844436,0.3829228110552919
2025-08-20,4,4,0.2231971294537378,0.47260585007899014,0.0381328231604775,0.3723778120627972,-0.6050994316254341,0.38897619759933316
2025-08-21,4,4,0.22711257151726036,0.5095551747992453,0.03177265651790481,0.37306969322068967,-0.6185560121457412,0.39248731902803574
2025-08-22,4,4,0.22160021557265,0.4553632887022867,0.3107223554664309,0.3676971042299553,-0.6386460827560998,0.40554585826758033
2025-08-25,4,4,0.23303967950660928,0.4840325107371735,0.3732235478868278,0.3686361942798281,-0.6548794763224158,0.41019665865991023
2025-08-26,4,4,0.22689650641942097,0.4999415225365835,0.21434886139380713,0.3690104897480614,-0.663862279677295,0.42134742616482224
2025-08-27,4,4,0.23779549049887,0.48235920497670465,0.24398011570926392,0.3683236123550147,-0.6616081001773227,0.4324053882954391
2025-08-28,4,4,0.25137062030685037,0.44671911485266413,0.2860266582073653,0.3681067650764358,-0.6704044635590731,0.4385213489618957
2025-08-29,4,4,0.21060856342059955,0.42234878979120405,0.24317287422107206,0.3679208617916187,-0.6677777980845265,0.4478469887052093
2025-09-02,4,4,0.2579596568671315,0.5136787190781071,0.35354687613151814,0.3683757631888462,-0.6559256701586936,0.45304639912253497
2025-09-03,4,4,0.2669593948073102,0.5234800977229822,0.348754294089952,0.3678414724033192,-0.7293818386948658,0.44773063813470615
2025-09-04,4,4,0.3127229479941346,0.5492084255053773,0.3567532733777576,0.36729653331750894,-0.734906934934795,0.44409451837153113
2025-09-05,4,4,0.2833538151435687,0.5766890605368677,0.4592528172798244,0.36556611249334386,-0.7419976972335387,0.44154861933360834
2025-09-08,4,4,0.31312528280405993,0.5628172197964106,0.5552189038182955,0.365398587547313,-0.7249653810045866,0.4285772702331417
2025-09-09,4,4,0.3327959808720028,0.5738974871112311,0.6335069126254218,0.36375513849654484,-0.6980842321848467,0.40481075146679485
2025-09-10,4,4,0.3387621696946467,0.5816685613347233,0.6353812384799102,0.3710794443331971,-0.6775225926616346,0.3972247784596973
2025-09-11,4,4,0.3466439277376697,0.6022233267803595,0.5992764185257744,0.37241383560177327,-0.6718293730690892,0.3958225438481882
2025-09-12,4,4,0.3441229068427648,0.5843338871461424,0.552901130491195,0.3723632046772121,-0.6678236928516338,0.3938005942574895
2025-09-15,4,4,0.31200795193496766,0.5408325650352485,0.5409716550759044,0.3702517546269316,-0.6800599604647468,0.39092361819750154
2025-09-16,4,4,0.2754047338954789,0.5233304618846805,0.5588312560521895,0.3741035636828539,-0.681161907901822,0.4108642653592247
2025-09-17,4,4,0.25997433827063315,0.5227600335084059,0.5402623911688677,0.3739299575457183,-0.6777082282864482,0.4205492205934709
2025-09-18,4,4,0.273655546200409,0.5056379932735471,0.5324958202250905,0.374032218289007,-0.6653242670051785,0.42328303650399796
2025-09-19,4,4,0.2530231312300527,0.4774093104127786,0.37561195001964454,0.3763332359369386,-0.6337958497072143,0.4484157458584802
2025-09-22,4,4,0.2530888034599184,0.47516701602385714,0.17053072046461892,0.3788070461381868,-0.5913516452008211,0.4567157282263353
2025-09-23,4,4,0.21065964155785266,0.4090527969009049,0.13798831696210193,0.3766318255980306,-0.5773862360507356,0.45393928628412866
2025-09-24,4,4,0.2084005305828664,0.379265716422555,0.15575388535507187,0.3761133697489546,-0.5911938620204864,0.44750925775518385
2025-09-25,4,4,0.23522608149617064,0.3888450697939041,0.123058642412025,0.3746279787617086,-0.5818137846436421,0.4376929536195483
2025-09-26,4,4,0.22826102092449457,0.4248541694071845,0.14174618171619738,0.37489505429412234,-0.5736695140504205,0.43807098817360196
2025-09-29,4,4,0.2241902585897911,0.4072809518744953,0.0635889711262991,0.37541432359232724,-0.5808628574332062,0.4362436433497791
2025-09-30,4,4,0.18583097403175824,0.39078297947552476,-0.17061869264338808,0.3762076068929999,-0.5908940638796671,0.43503029280203354
2025-10-01,4,4,0.17884033446513192,0.380202642164809,-0.19515703164270143,0.3762403485659705,-0.6063997499475879,0.4362268894182024
2025-10-02,4,4,0.1735674466395132,0.3773927477378286,-0.17286075069045947,0.3755530121410634,-0.6073888778095089,0.44708529974482025
2025-10-03,4,4,0.1633599773571792,0.34909677319627264,-0.2229117530322527,0.3671162789024597,-0.619618586497946,0.44939992518936417
2025-10-06,4,4,0.15697070583812484,0.3042921489924672,-0.38312131436139646,0.36692517287784626,-0.5943350396898128,0.440095273539936
2025-10-07,4,4,0.14907237449093208,0.29749310288961317,-0.4028295370357527,0.3668185102400467,-0.5998447233128039,0.4449231879908674
2025-10-08,4,4,0.11784768418550023,0.28041955571683397,-0.7143952950670347,0.3681334429246836,-0.5980751961546794,0.45412571607676333
2025-10-09,4,4,0.11869028337055132,0.3161704056922176,-0.7866995517654769,0.370937838320395,-0.5960389340432174,0.45421495803428036
2025-10-10,4,4,0.11612103485289821,0.36730004316693743,-0.8705023900902773,0.3617704453335471,-0.5796360067624088,0.4517736539835967
2025-10-13,4,4,0.1435328846394949,0.3831714926036207,-0.6869140295672866,0.35669794249601444,-0.5980473720221734,0.45243128804860844
2025-10-14,4,4,0.0882799464820904,0.33608120357985627,-0.5772798994353578,0.35640997190669693,-0.5791870704480273,0.46773224741994923
2025-10-15,4,4,0.08671205388420059,0.29627511729141637,-0.5513905151414018,0.3563564814488027,-0.5863961471214616,0.4664968702779272
2025-10-16,4,4,0.102109786391746,0.282416508816708,-0.5201804102883771,0.3556167907856274,-0.5562201475499786,0.4703911646398061
2025-10-17,4,4,0.1423087011549981,0.28142804573898245,-0.46843237373937385,0.3598016952175944,-0.5495645734933354,0.4738456384183378
2025-10-20,4,4,0.18647482125376236,0.3246014585573051,-0.3331056862615318,0.36081609362768996,-0.5380041364991335,0.4608657056934098
2025-10-21,4,4,0.2549831356650518,0.3819006407518729,-0.021511806483392293,0.3610072614272662,-0.5486011672669127,0.44794953128781567
2025-10-22,4,4,0.2351331152684593,0.4106414656061156,-0.0994436817814024,0.361155772160426,-0.5529328225155956,0.4512564943618055
2025-10-23,4,4,0.259265344949996,0.42900367412281576,-0.1259291368321604,0.360578814033516,-0.5563281137905406,0.4536091054638298
2025-10-24,4,4,0.2998431630810816,0.4343137778634459,0.05319302851510754,0.36069192763334756,-0.55642519836355,0.4552754663556152
2025-10-27,4,4,0.29402058281479093,0.4053198957762118,-0.004841244302888126,0.3632216689087002,-0.5501239167764854,0.4506794725175638
2025-10-28,4,4,0.29886945799946096,0.39238347826566244,-0.10523576201946078,0.3638362757819281,-0.5287039113180394,0.45120042941479865
2025-10-29,4,4,0.3252508820070667,0.40756783105545813,0.04844117213217586,0.36366852213946044,-0.41916400508606166,0.447128836572546
2025-10-30,4,4,0.3515453405678961,0.4207125779495902,-0.17054585803811445,0.35267992700625106,-0.4946445616805445,0.4086504785009874
2025-10-31,4,4,0.3277112562679422,0.40428420566788575,-0.059793337639478646,0.3511487319112866,-0.5580481149168565,0.383275330174214
2025-11-03,4,4,0.41390275495644857,0.4236495624682658,-0.01761304627385822,0.34957288460510005,-0.5645684693456237,0.3761798507634601
2025-11-04,4,4,0.39678495422770627,0.4415083994787211,-0.09065998211403922,0.3384667940990403,-0.5866404095879986,0.37233918366672947
2025-11-05,4,4,0.40617580071043213,0.4987849437827291,-0.0223667220203609,0.3388291455411977,-0.5990159812794656,0.3701868627822536
2025-11-06,4,4,0.4274217713810653,0.5061047881733324,-0.03494743911734109,0.3366626794819891,-0.6088467214967679,0.3728681461831994
2025-11-07,4,4,0.3925691337222619,0.4699612973962695,-0.027483656650251848,0.33860687260613787,-0.6261366541533924,0.3698974027068018
2025-11-10,4,4,0.3760029716208104,0.4406098642585745,-0.02179528381203302,0.3322223052826502,-0.5923930735472513,0.3703867988529325
2025-11-11,4,4,0.3241902909496597,0.39291590489155476,-0.037407138297479034,0.3356514611124348,-0.5783032651762283,0.3683883784685279
2025-11-12,4,4,0.31490873269552816,0.3625684956252904,-0.15865019414177134,0.3354337596131676,-0.5906496230289147,0.3649140170131012
2025-11-13,4,4,0.3089729934581005,0.31930297471104624,-0.16376594502172004,0.3362856306570849,-0.5213600872579649,0.3650510744631516
2025-11-14,4,4,0.28713222015536816,0.3500254227391132,-0.23470355653669409,0.33635713713211735,-0.5244578389971826,0.36577242011152294
2025-11-17,4,4,0.2841903750313952,0.3260282786456974,-0.11803103560685477,0.33947339058667253,-0.5364777778513234,0.3570035029659852
2025-11-18,4,4,0.2825458551965717,0.319779882037839,-0.0860463254428065,0.34247070147957315,-0.5308148138130198,0.3443627547412967
2025-11-19,4,4,0.2644753238840641,0.32478500597619053,-0.11337353950392853,0.34744270907985336,-0.5288725840172682,0.33442122619583203
2025-11-20,4,4,0.2356841334044315,0.3168467561659568,-0.1044569175885021,0.34940529191285985,-0.49662613232310043,0.3298956441666076
2025-11-21,4,4,0.21087486440490766,0.3008044634967894,-0.02381042958625957,0.3453785740462126,-0.5017215872939638,0.3306496556672628
2025-11-24,4,4,0.2075158849526591,0.3124388384184655,0.0549165190399339,0.3371700303827849,-0.5249018541248875,0.32704378303842785
2025-11-25,4,4,0.19255908617784484,0.2992326804629427,0.14257177094931472,0.3316576170651301,-0.5324126702035594,0.32182221312689224
2025-11-26,4,4,0.2350022532208906,0.31386684785205504,0.1520364318442569,0.33311781024092396,-0.5254594300105554,0.3212773303849927
2025-11-28,4,4,0.2371239292912555,0.26101791954353737,0.19373046133233823,0.3333042308243726,-0.5314301531864227,0.31939650731881297
2025-12-01,4,4,0.2806364432038321,0.2652121716458698,0.3778527072186896,0.33245022958692483,-0.5371843647477318,0.34289376235125874
2025-12-02,4,4,0.2551799692342246,0.2541568644037778,0.22289899640564553,0.33247782628599504,-0.49526121559128494,0.3620218655177142
2025-12-03,4,4,0.27742679469699616,0.24661031973184255,0.3432673307200982,0.3313745516832322,-0.49886474063738995,0.378493043522805
2025-12-04,4,4,0.3320779862450843,0.26896515338743415,0.39213308515562095,0.3316344583383938,-0.4999684204851471,0.3803362916607862
2025-12-05,4,4,0.3147011276121229,0.17021990414716662,0.382063140567459,0.33129975980662474,-0.5008338019532677,0.3822764975337498
2025-12-08,4,4,0.3065935291849492,0.1738159317571786,0.2814636462414137,0.32927893798082,-0.4381765642389197,0.38442205220346026
2025-12-09,4,4,0.31076637425205966,0.163163653005016,0.3020423833529907,0.33055991682939045,-0.465777035782582,0.39608768552536827
2025-12-10,4,4,0.2981092795920585,0.15512210780830932,0.4470784634302502,0.3291898953196167,-0.44944702230379796,0.40732633228050374
2025-12-11,4,4,0.3254257832996777,0.06596806787274176,0.44486762654793655,0.3308858958876329,-0.46592567551633046,0.4060915120328593
2025-12-12,4,4,0.3589253408453113,0.09616672261532909,0.49314396118194903,0.32725950491026434,-0.44462136529633955,0.4029106144634558
2025-12-15,4,4,0.38859854698438434,-0.004339339819521476,0.48969480003354643,0.33011118593729916,-0.42601526788605837,0.40491216463617324
2025-12-16,4,4,0.40391862747021634,0.08327221952724399,0.47011895606925386,0.3315480586983801,-0.46002800775682945,0.40104349602383815
2025-12-17,4,4,0.3447552620834913,0.07355402546715162,0.4457050598362847,0.33049804152247136,-0.47254534959522565,0.4080626346444195
2025-12-18,4,4,0.28948174225346013,0.05741788956148263,0.5475587271431197,0.32903390390685894,-0.49561304928095606,0.4155116289446406
2025-12-19,4,4,0.2620084809849477,0.09749900952774794,0.546589524047545,0.3323298743596271,-0.5224500480193144,0.4454037017445931
2025-12-22,4,4,0.25906385601948556,0.07417229907606088,0.5289741604295062,0.33098398168148446,-0.5163426642440927,0.44999167828000075
2025-12-23,4,4,0.21278122569251398,0.0410180377129744,0.26504305928338706,0.3307067008412022,-0.504917553327797,0.45533847990147175
2025-12-24,4,4,0.16605599744983168,-0.021351275234736247,0.05261207387680977,0.32821697662325305,-0.5038271258537648,0.4639120739844512
2025-12-26,4,4,0.08895280752721141,-0.05478559997710179,-0.16071747493041671,0.32985345730944365,-0.5025572175082496,0.4781129409889936
2025-12-29,4,4,0.09428923953769619,-0.033553988007856625,0.12135625732167493,0.3297167141098424,-0.4881869410070991,0.4848623368250748
2025-12-30,4,4,0.11256351439267703,-0.033582617044296624,0.16741342271922452,0.3301351419010325,-0.49193557381766484,0.4894200293818862
2025-12-31,4,4,0.13081972233216566,-0.0014068041296596903,0.35934570831307816,0.32825659825554954,-0.4895810169556982,0.49250183395862296
